{"cameraMode":{"drawMode":0,"name":"Shaded","section":"Shading Mode"},"sceneLighting":true,"audioPlay":false,"sceneViewState":{"m_AlwaysRefresh":false,"showFog":true,"showSkybox":true,"showFlares":true,"showImageEffects":true,"showParticleSystems":true,"showVisualEffectGraphs":true,"m_FxEnabled":true},"in2DMode":false,"pivot":{"x":-7.856450080871582,"y":16.372364044189454,"z":14.455577850341797},"rotation":{"x":0.2053929567337036,"y":-0.31079864501953127,"z":0.06897794455289841,"w":0.9254514575004578},"size":10.369211196899414,"orthographic":false}