{"cameraMode":{"drawMode":0,"name":"Shaded","section":"Shading Mode"},"sceneLighting":false,"audioPlay":false,"sceneViewState":{"m_AlwaysRefresh":false,"showFog":true,"showSkybox":false,"showFlares":true,"showImageEffects":true,"showParticleSystems":true,"showVisualEffectGraphs":true,"m_FxEnabled":true},"in2DMode":false,"pivot":{"x":1.0624935626983643,"y":1.2159250974655152,"z":1.4640902280807496},"rotation":{"x":-0.08709540963172913,"y":0.9003872275352478,"z":-0.21206413209438325,"w":-0.3697926998138428},"size":1.1277904510498047,"orthographic":false}